"","Var2","value","variable"
"1","crate_prevalence",0.22813974748159,"crate_prevalence"
"2","food_conc",0.725211243197023,"food_conc"
"3","food_tc",0.151406206802989,"food_tc"
"4","p_random_noise",0.223029278920623,"p_random_noise"
"5","p_zone4_intro",0.176032821718128,"p_zone4_intro"
"6","p11",0.48034634830429,"p11"
"7","p21",0.118451190504382,"p21"
"8","p31",0.210187618926566,"p31"
"9","tc11",0.108704005449371,"tc11"
"10","tc21",-0.109244849771572,"tc21"
